"Participant","Perception_Ebbinghaus_Difficulty_Error","Perception_Ebbinghaus_Intercept_Error","Perception_Ebbinghaus_Difficulty_RT","Perception_Ebbinghaus_Intercept_RT","Perception_MullerLyer_Difficulty_Error","Perception_MullerLyer_Intercept_Error","Perception_MullerLyer_Difficulty_RT","Perception_MullerLyer_Intercept_RT","Perception_VerticalHorizontal_Difficulty_Error","Perception_VerticalHorizontal_Intercept_Error","Perception_VerticalHorizontal_Difficulty_RT","Perception_VerticalHorizontal_Intercept_RT"
"S001",-0.0458317,-1.014385,0.1788575,-0.0289582,-0.0688287,-0.477802,-0.01961655,0.0495457,-0.03480825,-0.11722,-0.04442025,0.04616525
"S002",0.110825,1.505315,0.0990024,-0.01100135,0.0986967,0.5220315,-0.06437785,0.13832,0.2259085,1.386285,-0.006862115,0.0128911
"S004",-0.1261115,-0.0285849,-0.12672,0.0182819,-0.1562475,-0.740456,-0.07093305,0.04469265,-0.1032145,-1.568435,0.0794744,-0.10098
"S005",-0.0998422,-1.483765,-0.5043195,0.2373055,-0.09489515,-0.6948115,-0.154922,0.132281,-0.110293,-1.48853,-0.0874524,0.1386955
"S006",0.1053065,0.557512,0.3303605,-0.2206425,-0.0318636,0.782178,0.2794365,-0.3205285,0.0131763,1.30875,0.1665185,-0.2427175
"S007",0.01682115,1.41665,0.326804,-0.145988,-0.0928324,0.00748888,0.339712,-0.319382,-0.0677939,0.2102285,0.1329995,-0.1819205
"S009",-0.0728108,-1.46208,0.2741495,-0.256907,-0.034397,0.0392609,0.157368,-0.173168,-0.168425,-1.59588,0.1046975,-0.21497
"S010",0.0805781,-0.5066705,-0.744488,0.4392855,0.1971235,0.206339,-0.4589615,0.448275,0.2270355,0.7999775,-0.347952,0.5383945
