"Participant","Ebbinghaus_Strength_Error","Ebbinghaus_Diff_Error","Ebbinghaus_Interaction_Error","Ebbinghaus_Strength_RT","Ebbinghaus_Diff_RT","Ebbinghaus_Interaction_RT","MullerLyer_Diff_Error","MullerLyer_Interaction_Error","MullerLyer_Strength_Error","MullerLyer_Strength_RT","MullerLyer_Diff_RT","MullerLyer_Interaction_RT","VerticalHorizontal_Strength_Error","VerticalHorizontal_Diff_Error","VerticalHorizontal_Interaction_Error","VerticalHorizontal_Strength_RT","VerticalHorizontal_Diff_RT","VerticalHorizontal_Interaction_RT"
"S001",0.215072,-0.4957535,0.0850694,0.0300652,0.00108182,0.0173373,-0.0210144,0.01582565,0.1829125,-6.3579e-08,0.00291428,0.00465079,0.208751,-3.38057,0.0885169,0.135915,-0.315955,0.1463895
"S002",-0.2047445,2.51021,-0.07566505,-0.0741105,-0.00271847,-0.06617945,-0.133944,-0.0902931,-0.0504971,-0.00035934,0.005914025,0.001166575,-0.0778983,3.18548,0.285125,-0.114924,0.2509545,-0.008586945
"S003",0.1322835,-0.6602875,0.00119809,-0.0204761,0.00309799,-0.01256575,-0.1549565,-0.0788127,0.05357985,-0.00215905,0.0010275005,-0.00828656,-0.001928075,0.71337,0.08640925,-0.104134,0.152423,0.007615905
"S004",0.0471615,-0.0679179,0.2372625,0.0158423,0.007189865,0.01691355,-0.1128015,-0.06369635,-0.01263415,0.0115616,-0.0647022,0.01516175,0.05615165,-2.523235,-0.01189035,0.1512315,-0.268692,-0.15482
"S005",0.03232085,-1.988055,-0.008780615,0.02999005,-0.005834905,0.0175818,-0.316138,-0.157116,-0.006238235,0.00487053,-0.000479418,0.007872145,0.03140865,-1.9971,-0.252722,0.123538,-0.3909565,-0.06299445
"S006",-0.5665815,1.00568,-0.2606,-0.03853135,-0.00172207,-0.0280275,0.192582,0.00292187,0.1561605,-0.00701236,0.038587,-0.00583151,-0.124794,2.951625,0.1015525,-0.1331695,0.281693,0.06422055
"S007",0.213688,0.378475,0.198841,0.00123298,0.01705935,0.00605734,0.003869895,0.006392625,-0.01343655,-0.000641922,0.00264106,0.001279985,0.04069845,-0.369383,0.1036885,-0.0633509,0.2838095,0.0793431
"S009",0.1352705,-1.045095,0.0705901,0.0173217,0.0003315045,0.003903465,0.1897485,0.0937833,0.07967575,-0.0014825,0.01608055,0.0004856625,-0.0611541,-0.538521,-0.455471,-0.03223235,0.0285628,-0.0002953715
"S010",-0.2472975,0.06023955,-0.337995,0.02521745,-0.01570115,0.008303045,0.285531,0.3230765,-0.7873815,-0.001354305,-0.0164979,-0.0210801,-0.101503,1.571615,-0.1394355,0.0257857,-0.100915,-0.06345005
