"Participant","Perception_Ebbinghaus_Difficulty_Error","Perception_Ebbinghaus_Intercept_Error","Perception_Ebbinghaus_Difficulty_RT","Perception_Ebbinghaus_Intercept_RT","Perception_MullerLyer_Difficulty_Error","Perception_MullerLyer_Intercept_Error","cbrtmodIllusion_Difference","Perception_MullerLyer_Intercept_RT","Perception_VerticalHorizontal_Difficulty_Error","Perception_VerticalHorizontal_Intercept_Error","Perception_VerticalHorizontal_Difficulty_RT","Perception_VerticalHorizontal_Intercept_RT"
"S001",-0.0450206,-1.064345,0.190672,-0.0343061,-0.0722642,-0.458951,-0.02677985,0.05746605,-0.05222945,-0.1437595,-0.0578178,0.05433035
"S002",0.1054945,1.512745,0.1014975,-0.01885715,0.110821,0.5159545,-0.0625308,0.1461905,0.286997,1.33123,-0.006606965,0.01743295
"S004",-0.17162,-0.0400847,-0.126475,0.01391435,-0.09085865,-0.7288715,-0.07164985,0.04621555,-0.167045,-1.6159,0.08322,-0.09734515
"S005",-0.131349,-1.45917,-0.495381,0.234058,-0.1313125,-0.700634,-0.1571535,0.1296205,-0.1476825,-1.424175,-0.09867905,0.1453815
"S006",0.130136,0.538907,0.327935,-0.222786,-0.0123159,0.789576,0.260985,-0.3123225,0.0154604,1.28506,0.183392,-0.2353865
"S007",-0.0015435,1.42221,0.329008,-0.153223,-0.08577665,0.015008,0.3221295,-0.310971,-0.04998395,0.179706,0.1235195,-0.1716875
"S009",-0.1076345,-1.53036,0.310586,-0.2657815,0.00251339,0.05304555,0.1497225,-0.1678155,-0.213725,-1.518765,0.110274,-0.20888
"S010",0.0718296,-0.6045835,-0.7366,0.431369,0.2388695,0.2196705,-0.4486945,0.4432105,0.2382565,0.749753,-0.36601,0.5440325
